{"cameraMode":{"drawMode":0,"name":"Shaded","section":"Shading Mode"},"sceneLighting":true,"audioPlay":false,"sceneViewState":{"showFog":false,"showMaterialUpdate":false,"showSkybox":false,"showFlares":false,"showImageEffects":false,"showParticleSystems":false},"in2DMode":false,"pivot":{"x":1277.563720703125,"y":-2377.1240234375,"z":-1028.6204833984375},"rotation":{"x":-0.22464314103126527,"y":-0.7743518948554993,"z":0.44017982482910159,"w":-0.39518463611602785},"size":3948.2060546875,"orthographic":false}