{"cameraMode":{"drawMode":0,"name":"Shaded","section":"Shading Mode"},"sceneLighting":false,"audioPlay":false,"sceneViewState":{"showFog":false,"showMaterialUpdate":false,"showSkybox":false,"showFlares":false,"showImageEffects":false,"showParticleSystems":false},"in2DMode":false,"pivot":{"x":-16.93134117126465,"y":3.7515411376953127,"z":27.080299377441408},"rotation":{"x":0.6509725451469421,"y":-0.006830636411905289,"z":0.005859682336449623,"w":0.759050726890564},"size":240.1141815185547,"orthographic":false}