{"cameraMode":{"drawMode":0,"name":"Shaded","section":"Shading Mode"},"sceneLighting":false,"audioPlay":false,"sceneViewState":{"showFog":false,"showMaterialUpdate":false,"showSkybox":false,"showFlares":false,"showImageEffects":false,"showParticleSystems":false},"in2DMode":false,"pivot":{"x":4.301002502441406,"y":-4.15041971206665,"z":-40.43580627441406},"rotation":{"x":0.677789032459259,"y":0.013233043253421784,"z":-0.012200803495943547,"w":0.7350395917892456},"size":472.83404541015627,"orthographic":false}