{"cameraMode":{"drawMode":0,"name":"Shaded","section":"Shading Mode"},"sceneLighting":true,"audioPlay":false,"sceneViewState":{"showFog":false,"showMaterialUpdate":false,"showSkybox":false,"showFlares":false,"showImageEffects":false,"showParticleSystems":false},"in2DMode":false,"pivot":{"x":32.4632453918457,"y":-404.716796875,"z":-437.1910400390625},"rotation":{"x":-0.029582306742668153,"y":0.9121044874191284,"z":-0.4033862054347992,"w":-0.06688901782035828},"size":712.3081665039063,"orthographic":false}