{"cameraMode":{"drawMode":0,"name":"Shaded","section":"Shading Mode"},"sceneLighting":true,"audioPlay":false,"sceneViewState":{"showFog":false,"showMaterialUpdate":false,"showSkybox":false,"showFlares":false,"showImageEffects":false,"showParticleSystems":false},"in2DMode":false,"pivot":{"x":0.2688080966472626,"y":7.044719696044922,"z":-3.396620035171509},"rotation":{"x":0.07245098054409027,"y":0.9275209903717041,"z":-0.26301079988479617,"w":0.2555021047592163},"size":352.21453857421877,"orthographic":false}