{"cameraMode":{"drawMode":0,"name":"Shaded","section":"Shading Mode"},"sceneLighting":false,"audioPlay":false,"sceneViewState":{"showFog":false,"showMaterialUpdate":false,"showSkybox":false,"showFlares":false,"showImageEffects":false,"showParticleSystems":false},"in2DMode":false,"pivot":{"x":-20.8056640625,"y":-126.19953155517578,"z":173.59060668945313},"rotation":{"x":0.3599986433982849,"y":-0.16387897729873658,"z":0.06439764052629471,"w":0.9161906242370606},"size":398.6761779785156,"orthographic":false}